<ImportExportXml xmlns:xsi="http://www.w3.org/2001/XMLSchema-instance" OrganizationVersion="9.2.25083.177" OrganizationSchemaType="Standard" CRMServerServiceabilityVersion="9.2.25083.00182">
  <Entities></Entities>
  <Roles></Roles>
  <Workflows>
    <Workflow WorkflowId="{856f97a8-b001-ef11-9f89-000d3ad4cd00}" Name="Sync Shifts with Outlook - Automated [Per Schedule Alteration]" Description="When a Shifts schedule is published, this flow checks user's Outlook Calendar to see if the changes are reflected there. If not, it automatically creates/updates/deletes events for them! This then can be easily synced to a number of other online calendar services! &#xA;&#xA;Configured for use by Five-Star A/V Employees at the Montage Deer Valley Resort. &#xA;&#xA;If you would like to set this up for your team, give me a holler! Contact info in Publisher Description.">
      <JsonFileName>/Workflows/SyncShiftswithOutlook-AutomatedPerScheduleAlterati-856F97A8-B001-EF11-9F89-000D3AD4CD00.json</JsonFileName>
      <Type>1</Type>
      <Subprocess>0</Subprocess>
      <Category>5</Category>
      <Mode>0</Mode>
      <Scope>4</Scope>
      <OnDemand>0</OnDemand>
      <TriggerOnCreate>0</TriggerOnCreate>
      <TriggerOnDelete>0</TriggerOnDelete>
      <AsyncAutodelete>0</AsyncAutodelete>
      <SyncWorkflowLogOnFailure>0</SyncWorkflowLogOnFailure>
      <StateCode>0</StateCode>
      <StatusCode>1</StatusCode>
      <RunAs>1</RunAs>
      <IsTransacted>1</IsTransacted>
      <IntroducedVersion>1.0.0.0</IntroducedVersion>
      <IsCustomizable>1</IsCustomizable>
      <IsCustomProcessingStepAllowedForOtherPublishers>1</IsCustomProcessingStepAllowedForOtherPublishers>
      <ModernFlowType>0</ModernFlowType>
      <PrimaryEntity>none</PrimaryEntity>
      <LocalizedNames>
        <LocalizedName languagecode="1033" description="Sync Shifts with Outlook - Automated [Per Schedule Alteration]" />
      </LocalizedNames>
      <Descriptions>
        <Description languagecode="1033" description="When a Shifts schedule is published, this flow checks user's Outlook Calendar to see if the changes are reflected there. If not, it automatically creates/updates/deletes events for them! This then can be easily synced to a number of other online calendar services! &#xA;&#xA;Configured for use by Five-Star A/V Employees at the Montage Deer Valley Resort. &#xA;&#xA;If you would like to set this up for your team, give me a holler! Contact info in Publisher Description." />
      </Descriptions>
    </Workflow>
    <Workflow WorkflowId="{4ba42bba-2a90-f011-b4cc-6045bda8ff5f}" Name="Sync Shifts with Outlook" Description="This flow checks &quot;Shifts&quot; and creates events in Outlook/Teams Calendar to reflect schedule. This then can be easily synced to a number of other online calendar services! &#xA;&#xA;Configured for use by Five-Star A/V Employees at Montage Deer Valley. Flow is universal, so should work for anybody who runs it with correct permissions.&#xA;&#xA;If you would like to set this up for your team, give me a holler! Contact info in Publisher Description.&#xA;&#xA;Connections and Uses:&#xA;&#xA;-Office365 Users: Used to determine your user ID and name so it can be passed into other functions. UserID is used to get calendars belonging to you and know which teams you're a part of. Name is used to filter shifts, so you don't have EVERYBODY's shift(s) on your calendar.&#xA;&#xA;-Office365 Outlook: Used to get calendar details and create events in &quot;Calendar&quot;. If name is changed, you will need to edit the flow. See flow notes for details.&#xA;&#xA;-Shifts for Microsoft Teams: Used to request assigned shift info&#xA;&#xA;All connections Inputs/Outputs are encrypted by default.">
      <JsonFileName>/Workflows/SyncShiftswithOutlook-4BA42BBA-2A90-F011-B4CC-6045BDA8FF5F.json</JsonFileName>
      <Type>1</Type>
      <Subprocess>0</Subprocess>
      <Category>5</Category>
      <Mode>0</Mode>
      <Scope>4</Scope>
      <OnDemand>0</OnDemand>
      <TriggerOnCreate>0</TriggerOnCreate>
      <TriggerOnDelete>0</TriggerOnDelete>
      <AsyncAutodelete>0</AsyncAutodelete>
      <SyncWorkflowLogOnFailure>0</SyncWorkflowLogOnFailure>
      <StateCode>1</StateCode>
      <StatusCode>2</StatusCode>
      <RunAs>1</RunAs>
      <IsTransacted>1</IsTransacted>
      <IntroducedVersion>1.0</IntroducedVersion>
      <IsCustomizable>1</IsCustomizable>
      <BusinessProcessType>0</BusinessProcessType>
      <IsCustomProcessingStepAllowedForOtherPublishers>1</IsCustomProcessingStepAllowedForOtherPublishers>
      <ModernFlowType>0</ModernFlowType>
      <PrimaryEntity>none</PrimaryEntity>
      <LocalizedNames>
        <LocalizedName languagecode="1033" description="Sync Shifts with Outlook" />
      </LocalizedNames>
      <Descriptions>
        <Description languagecode="1033" description="This flow checks &quot;Shifts&quot; and creates events in Outlook/Teams Calendar to reflect schedule. This then can be easily synced to a number of other online calendar services! &#xA;&#xA;Configured for use by Five-Star A/V Employees at Montage Deer Valley. Flow is universal, so should work for anybody who runs it with correct permissions.&#xA;&#xA;If you would like to set this up for your team, give me a holler! Contact info in Publisher Description.&#xA;&#xA;Connections and Uses:&#xA;&#xA;-Office365 Users: Used to determine your user ID and name so it can be passed into other functions. UserID is used to get calendars belonging to you and know which teams you're a part of. Name is used to filter shifts, so you don't have EVERYBODY's shift(s) on your calendar.&#xA;&#xA;-Office365 Outlook: Used to get calendar details and create events in &quot;Calendar&quot;. If name is changed, you will need to edit the flow. See flow notes for details.&#xA;&#xA;-Shifts for Microsoft Teams: Used to request assigned shift info&#xA;&#xA;All connections Inputs/Outputs are encrypted by default." />
      </Descriptions>
    </Workflow>
  </Workflows>
  <FieldSecurityProfiles></FieldSecurityProfiles>
  <Templates />
  <EntityMaps />
  <EntityRelationships />
  <OrganizationSettings />
  <optionsets />
  <CustomControls />
  <EntityDataProviders />
  <connectionreferences>
    <connectionreference connectionreferencelogicalname="new_sharedoffice365_2f112">
      <connectionreferencedisplayname>Office 365 Outlook</connectionreferencedisplayname>
      <connectorid>/providers/Microsoft.PowerApps/apis/shared_office365</connectorid>
      <iscustomizable>1</iscustomizable>
      <promptingbehavior>0</promptingbehavior>
      <statecode>0</statecode>
      <statuscode>1</statuscode>
    </connectionreference>
    <connectionreference connectionreferencelogicalname="new_sharedoffice365_35ae9">
      <connectionreferencedisplayname>Office 365 Outlook</connectionreferencedisplayname>
      <connectorid>/providers/Microsoft.PowerApps/apis/shared_office365</connectorid>
      <iscustomizable>1</iscustomizable>
      <promptingbehavior>0</promptingbehavior>
      <statecode>0</statecode>
      <statuscode>1</statuscode>
    </connectionreference>
    <connectionreference connectionreferencelogicalname="new_sharedoffice365_bbc3b">
      <connectionreferencedisplayname>Office 365 Outlook</connectionreferencedisplayname>
      <connectorid>/providers/Microsoft.PowerApps/apis/shared_office365</connectorid>
      <iscustomizable>1</iscustomizable>
      <promptingbehavior>0</promptingbehavior>
      <statecode>0</statecode>
      <statuscode>1</statuscode>
    </connectionreference>
    <connectionreference connectionreferencelogicalname="new_sharedshifts_7b5ec">
      <connectionreferencedisplayname>Shifts for Microsoft Teams</connectionreferencedisplayname>
      <connectorid>/providers/Microsoft.PowerApps/apis/shared_shifts</connectorid>
      <iscustomizable>1</iscustomizable>
      <promptingbehavior>0</promptingbehavior>
      <statecode>0</statecode>
      <statuscode>1</statuscode>
    </connectionreference>
    <connectionreference connectionreferencelogicalname="new_sharedshifts_b6cf1">
      <connectionreferencedisplayname>Shifts for Microsoft Teams</connectionreferencedisplayname>
      <connectorid>/providers/Microsoft.PowerApps/apis/shared_shifts</connectorid>
      <iscustomizable>1</iscustomizable>
      <promptingbehavior>0</promptingbehavior>
      <statecode>0</statecode>
      <statuscode>1</statuscode>
    </connectionreference>
    <connectionreference connectionreferencelogicalname="pv_sharedoffice365users_32113">
      <connectionreferencedisplayname>Office 365 Users SyncShifts-32113</connectionreferencedisplayname>
      <connectorid>/providers/Microsoft.PowerApps/apis/shared_office365users</connectorid>
      <iscustomizable>1</iscustomizable>
      <promptingbehavior>0</promptingbehavior>
      <statecode>0</statecode>
      <statuscode>1</statuscode>
    </connectionreference>
  </connectionreferences>
  <Languages>
    <Language>1033</Language>
  </Languages>
</ImportExportXml>