{
  "properties": {
    "connectionReferences": {
      "shared_office365_1": {
        "runtimeSource": "embedded",
        "connection": {
          "connectionReferenceLogicalName": "new_sharedoffice365_bbc3b"
        },
        "api": {
          "name": "shared_office365"
        }
      },
      "shared_office365_2": {
        "runtimeSource": "embedded",
        "connection": {
          "connectionReferenceLogicalName": "new_sharedoffice365_35ae9"
        },
        "api": {
          "name": "shared_office365"
        }
      },
      "shared_shifts_1": {
        "runtimeSource": "embedded",
        "connection": {
          "connectionReferenceLogicalName": "new_sharedshifts_7b5ec"
        },
        "api": {
          "name": "shared_shifts"
        }
      },
      "shared_office365users": {
        "runtimeSource": "embedded",
        "connection": {
          "connectionReferenceLogicalName": "pv_sharedoffice365users_32113"
        },
        "api": {
          "name": "shared_office365users"
        }
      }
    },
    "definition": {
      "$schema": "https://schema.management.azure.com/providers/Microsoft.Logic/schemas/2016-06-01/workflowdefinition.json#",
      "contentVersion": "1.0.0.0",
      "parameters": {
        "$connections": {
          "defaultValue": {},
          "type": "Object"
        },
        "$authentication": {
          "defaultValue": {},
          "type": "SecureObject"
        }
      },
      "triggers": {
        "When_a_Shift_is_created,_updated_or_deleted": {
          "splitOn": "@triggerOutputs()?['body/value']",
          "metadata": {
            "operationMetadataId": "9edbcf93-3ede-4094-a74d-87c243711c2b"
          },
          "type": "OpenApiConnectionWebhook",
          "inputs": {
            "host": {
              "connectionName": "shared_shifts_1",
              "operationId": "TriggerForShifts",
              "apiId": "/providers/Microsoft.PowerApps/apis/shared_shifts"
            },
            "parameters": {
              "teamId": "6a5c9846-fbe2-4c79-8e28-733e01e11cb4"
            },
            "authentication": "@parameters('$authentication')"
          }
        }
      },
      "actions": {
        "Try": {
          "actions": {
            "Switch": {
              "runAfter": {},
              "cases": {
                "Case_-_create": {
                  "case": "created",
                  "actions": {
                    "Condition_-_Is_Draft_shift": {
                      "actions": {
                        "Create_event_(V4)_-_Draft": {
                          "runAfter": {},
                          "metadata": {
                            "operationMetadataId": "7b0ffeb3-eb78-43ac-997b-a756c92629a0"
                          },
                          "type": "OpenApiConnection",
                          "inputs": {
                            "host": {
                              "connectionName": "shared_office365_1",
                              "operationId": "V4CalendarPostItem",
                              "apiId": "/providers/Microsoft.PowerApps/apis/shared_office365"
                            },
                            "parameters": {
                              "table": "@outputs('CID')",
                              "item/subject": "@outputs('Get_a_Shift')?['body/draftShift/displayName']",
                              "item/start": "@formatdatetime(outputs('Get_a_Shift')?['body/draftShift/startDateTime'], 'yyyy-MM-ddTHH:mm:00')",
                              "item/end": "@formatdatetime(outputs('Get_a_Shift')?['body/draftShift/endDateTime'], 'yyyy-MM-ddTHH:mm:00')",
                              "item/timeZone": "(UTC-07:00) Mountain Time (US & Canada)",
                              "item/requiredAttendees": "@outputs('Get_user_profile_(V2)')?['body/mail']",
                              "item/body": "<p class=\"editor-paragraph\">@{outputs('Get_a_Shift')?['body/id']}</p>",
                              "item/location": "9100 Marsac Ave, Park City, UT 84060",
                              "item/reminderMinutesBeforeStart": 60,
                              "item/isReminderOn": true
                            },
                            "authentication": "@parameters('$authentication')"
                          }
                        }
                      },
                      "runAfter": {
                        "Get_CID": [
                          "Succeeded"
                        ]
                      },
                      "else": {
                        "actions": {
                          "Create_event_(V4)": {
                            "runAfter": {},
                            "metadata": {
                              "operationMetadataId": "7b0ffeb3-eb78-43ac-997b-a756c92629a0"
                            },
                            "type": "OpenApiConnection",
                            "inputs": {
                              "host": {
                                "connectionName": "shared_office365_2",
                                "operationId": "V4CalendarPostItem",
                                "apiId": "/providers/Microsoft.PowerApps/apis/shared_office365"
                              },
                              "parameters": {
                                "table": "@outputs('CID')",
                                "item/subject": "@outputs('Get_a_Shift')?['body/sharedShift/displayName']",
                                "item/start": "@formatdatetime(outputs('Get_a_Shift')?['body/sharedShift/startDateTime'], 'yyyy-MM-ddTHH:mm:00')",
                                "item/end": "@formatdatetime(outputs('Get_a_Shift')?['body/sharedShift/endDateTime'], 'yyyy-MM-ddTHH:mm:00')",
                                "item/timeZone": "(UTC-07:00) Mountain Time (US & Canada)",
                                "item/requiredAttendees": "@outputs('Get_user_profile_(V2)')?['body/mail']",
                                "item/body": "<p class=\"editor-paragraph\">@{outputs('Get_a_Shift')?['body/id']}</p>",
                                "item/location": "9100 Marsac Ave, Park City, UT 84060",
                                "item/reminderMinutesBeforeStart": 60,
                                "item/isReminderOn": true
                              },
                              "authentication": "@parameters('$authentication')"
                            }
                          }
                        }
                      },
                      "expression": {
                        "and": [
                          {
                            "equals": [
                              "@outputs('Get_a_Shift')?['body/sharedShift']",
                              "@null"
                            ]
                          }
                        ]
                      },
                      "metadata": {
                        "operationMetadataId": "27dc2acf-4485-4813-84f1-594c3b0f2c29"
                      },
                      "type": "If"
                    },
                    "Get_a_Shift": {
                      "runAfter": {},
                      "metadata": {
                        "operationMetadataId": "740a246c-bd1c-4598-9a13-d78383c24194"
                      },
                      "type": "OpenApiConnection",
                      "inputs": {
                        "host": {
                          "connectionName": "shared_shifts_1",
                          "operationId": "GetShift",
                          "apiId": "/providers/Microsoft.PowerApps/apis/shared_shifts"
                        },
                        "parameters": {
                          "teamId": "6a5c9846-fbe2-4c79-8e28-733e01e11cb4",
                          "shiftId": "@triggerOutputs()?['body/resourceData/id']"
                        },
                        "authentication": "@parameters('$authentication')"
                      }
                    },
                    "Get_CID": {
                      "actions": {
                        "Get_calendars_(V2)": {
                          "runAfter": {},
                          "metadata": {
                            "operationMetadataId": "b7eb4c6d-ebbb-4f11-9055-f1e95908cee1"
                          },
                          "type": "OpenApiConnection",
                          "inputs": {
                            "host": {
                              "connectionName": "shared_office365_2",
                              "operationId": "CalendarGetTables_V2",
                              "apiId": "/providers/Microsoft.PowerApps/apis/shared_office365"
                            },
                            "parameters": {},
                            "authentication": "@parameters('$authentication')"
                          }
                        },
                        "Filter_array": {
                          "runAfter": {
                            "Get_calendars_(V2)": [
                              "Succeeded"
                            ]
                          },
                          "metadata": {
                            "operationMetadataId": "78fe7d1f-de4f-4f5a-b15c-773d71401dd8"
                          },
                          "type": "Query",
                          "inputs": {
                            "from": "@outputs('Get_calendars_(V2)')?['body/value']",
                            "where": "@equals(item()?['name'],'Calendar')"
                          }
                        },
                        "CID": {
                          "runAfter": {
                            "Filter_array": [
                              "Succeeded"
                            ]
                          },
                          "metadata": {
                            "operationMetadataId": "90847d9a-2615-4bc3-ac2e-2302c6c65f1d"
                          },
                          "type": "Compose",
                          "inputs": "@first(body('Filter_array'))?['id']"
                        }
                      },
                      "runAfter": {
                        "Get_user_profile_(V2)": [
                          "Succeeded"
                        ]
                      },
                      "metadata": {
                        "operationMetadataId": "a7b33019-1ca2-4897-870d-2ed6e739c086"
                      },
                      "type": "Scope"
                    },
                    "Get_user_profile_(V2)": {
                      "runAfter": {
                        "Get_a_Shift": [
                          "Succeeded"
                        ]
                      },
                      "metadata": {
                        "operationMetadataId": "8aa3da69-aea1-4f9a-9f83-8cf5237576db"
                      },
                      "type": "OpenApiConnection",
                      "inputs": {
                        "host": {
                          "connectionName": "shared_office365users",
                          "operationId": "UserProfile_V2",
                          "apiId": "/providers/Microsoft.PowerApps/apis/shared_office365users"
                        },
                        "parameters": {
                          "id": "@outputs('Get_a_Shift')?['body/userId']"
                        },
                        "authentication": "@parameters('$authentication')"
                      }
                    }
                  }
                },
                "Case_-_update": {
                  "case": "updated",
                  "actions": {
                    "Condition_-_Is_Update_to_Draft_Shift": {
                      "actions": {
                        "Shared_Updated-copy": {
                          "actions": {
                            "Get_events_(V4)_-_updated_1": {
                              "runAfter": {},
                              "metadata": {
                                "operationMetadataId": "74028587-2f62-486e-b33e-86c56c940d5d"
                              },
                              "type": "OpenApiConnection",
                              "inputs": {
                                "host": {
                                  "connectionName": "shared_office365_2",
                                  "operationId": "V4CalendarGetItems",
                                  "apiId": "/providers/Microsoft.PowerApps/apis/shared_office365"
                                },
                                "parameters": {
                                  "table": "@outputs('CID_1')"
                                },
                                "authentication": "@parameters('$authentication')"
                              }
                            },
                            "Filter_array_-_Get_Event_Updated_1": {
                              "runAfter": {
                                "Get_events_(V4)_-_updated_1": [
                                  "Succeeded"
                                ]
                              },
                              "metadata": {
                                "operationMetadataId": "d939859f-a0fd-4d07-8641-0dae521bd5ae"
                              },
                              "type": "Query",
                              "inputs": {
                                "from": "@outputs('Get_events_(V4)_-_updated_1')?['body/value']",
                                "where": "@contains(item()?['body'],outputs('Get_a_Shift_Updated')?['body/id'])"
                              }
                            },
                            "Update_event_(V4)_2": {
                              "runAfter": {
                                "Filter_array_-_Get_Event_Updated_1": [
                                  "Succeeded"
                                ]
                              },
                              "metadata": {
                                "operationMetadataId": "00259149-9383-440e-8710-6166b1ef5bdb"
                              },
                              "type": "OpenApiConnection",
                              "inputs": {
                                "host": {
                                  "connectionName": "shared_office365_2",
                                  "operationId": "V4CalendarPatchItem",
                                  "apiId": "/providers/Microsoft.PowerApps/apis/shared_office365"
                                },
                                "parameters": {
                                  "table": "@outputs('CID_1')",
                                  "id": "@first(outputs('Filter_Array_-_Get_Event_Updated_1')?['body'])?['Id']",
                                  "item/subject": "@outputs('Get_a_Shift_Updated')?['body/draftShift/displayName']",
                                  "item/start": "@formatdatetime(outputs('Get_a_Shift_Updated')?['body/draftShift/startDateTime'], 'yyyy-MM-ddTHH:mm:00')",
                                  "item/end": "@formatdatetime(outputs('Get_a_Shift_Updated')?['body/draftShift/endDateTime'], 'yyyy-MM-ddTHH:mm:00')",
                                  "item/timeZone": "(UTC-07:00) Mountain Time (US & Canada)",
                                  "item/requiredAttendees": "@outputs('Get_user_profile_(V2)_1')?['body/mail']",
                                  "item/body": "<p class=\"editor-paragraph\">@{outputs('Get_a_Shift_Updated')?['body/id']}</p>",
                                  "item/location": "9100 Marsac Ave, Park City, UT 84060",
                                  "item/reminderMinutesBeforeStart": 60,
                                  "item/isReminderOn": true
                                },
                                "authentication": "@parameters('$authentication')"
                              }
                            }
                          },
                          "runAfter": {},
                          "metadata": {
                            "operationMetadataId": "0c7f46fb-affd-421e-819a-825ff87591fb"
                          },
                          "type": "Scope"
                        }
                      },
                      "runAfter": {
                        "Get_CID_1": [
                          "Succeeded"
                        ]
                      },
                      "else": {
                        "actions": {
                          "Shared_Updated": {
                            "actions": {
                              "Get_events_(V4)_-_updated": {
                                "runAfter": {},
                                "metadata": {
                                  "operationMetadataId": "74028587-2f62-486e-b33e-86c56c940d5d"
                                },
                                "type": "OpenApiConnection",
                                "inputs": {
                                  "host": {
                                    "connectionName": "shared_office365_2",
                                    "operationId": "V4CalendarGetItems",
                                    "apiId": "/providers/Microsoft.PowerApps/apis/shared_office365"
                                  },
                                  "parameters": {
                                    "table": "@outputs('CID_1')"
                                  },
                                  "authentication": "@parameters('$authentication')"
                                }
                              },
                              "Filter_array_-_Get_Event_Updated": {
                                "runAfter": {
                                  "Get_events_(V4)_-_updated": [
                                    "Succeeded"
                                  ]
                                },
                                "metadata": {
                                  "operationMetadataId": "d939859f-a0fd-4d07-8641-0dae521bd5ae"
                                },
                                "type": "Query",
                                "inputs": {
                                  "from": "@outputs('Get_events_(V4)_-_updated')?['body/value']",
                                  "where": "@contains(item()?['body'],outputs('Get_a_Shift_Updated')?['body/id'])"
                                }
                              },
                              "Update_event_(V4)_1": {
                                "runAfter": {
                                  "Filter_array_-_Get_Event_Updated": [
                                    "Succeeded"
                                  ]
                                },
                                "metadata": {
                                  "operationMetadataId": "93fc2926-cedb-4118-9f33-e82ebba18a29"
                                },
                                "type": "OpenApiConnection",
                                "inputs": {
                                  "host": {
                                    "connectionName": "shared_office365_2",
                                    "operationId": "V4CalendarPatchItem",
                                    "apiId": "/providers/Microsoft.PowerApps/apis/shared_office365"
                                  },
                                  "parameters": {
                                    "table": "@outputs('CID_1')",
                                    "id": "@first(outputs('Filter_Array_-_Get_Event_Updated')?['body'])?['Id']",
                                    "item/subject": "@outputs('Get_a_Shift_Updated')?['body/sharedShift/displayName']",
                                    "item/start": "@formatdatetime(outputs('Get_a_Shift_Updated')?['body/sharedShift/startDateTime'], 'yyyy-MM-ddTHH:mm:00')",
                                    "item/end": "@formatdatetime(outputs('Get_a_Shift_Updated')?['body/sharedShift/endDateTime'], 'yyyy-MM-ddTHH:mm:00')",
                                    "item/timeZone": "(UTC-07:00) Mountain Time (US & Canada)",
                                    "item/requiredAttendees": "@outputs('Get_user_profile_(V2)_1')?['body/mail']",
                                    "item/body": "<p class=\"editor-paragraph\">@{outputs('Get_a_Shift_Updated')?['body/id']}</p>",
                                    "item/location": "9100 Marsac Ave, Park City, UT 84060",
                                    "item/reminderMinutesBeforeStart": 60,
                                    "item/isReminderOn": true
                                  },
                                  "authentication": "@parameters('$authentication')"
                                }
                              }
                            },
                            "runAfter": {},
                            "metadata": {
                              "operationMetadataId": "0ce403ce-1752-4f80-b852-3cf93c54d26e"
                            },
                            "type": "Scope"
                          }
                        }
                      },
                      "expression": {
                        "and": [
                          {
                            "equals": [
                              "@outputs('Get_a_Shift_Updated')?['body/sharedShift']",
                              "@null"
                            ]
                          }
                        ]
                      },
                      "metadata": {
                        "operationMetadataId": "d9a34443-447b-4dac-a86d-a1946c89a45e"
                      },
                      "type": "If"
                    },
                    "Get_a_Shift_Updated": {
                      "runAfter": {},
                      "metadata": {
                        "operationMetadataId": "740a246c-bd1c-4598-9a13-d78383c24194"
                      },
                      "type": "OpenApiConnection",
                      "inputs": {
                        "host": {
                          "connectionName": "shared_shifts_1",
                          "operationId": "GetShift",
                          "apiId": "/providers/Microsoft.PowerApps/apis/shared_shifts"
                        },
                        "parameters": {
                          "teamId": "6a5c9846-fbe2-4c79-8e28-733e01e11cb4",
                          "shiftId": "@triggerOutputs()?['body/resourceData/id']"
                        },
                        "authentication": "@parameters('$authentication')"
                      }
                    },
                    "Get_user_profile_(V2)_1": {
                      "runAfter": {
                        "Get_a_Shift_Updated": [
                          "Succeeded"
                        ]
                      },
                      "metadata": {
                        "operationMetadataId": "8aa3da69-aea1-4f9a-9f83-8cf5237576db"
                      },
                      "type": "OpenApiConnection",
                      "inputs": {
                        "host": {
                          "connectionName": "shared_office365users",
                          "operationId": "UserProfile_V2",
                          "apiId": "/providers/Microsoft.PowerApps/apis/shared_office365users"
                        },
                        "parameters": {
                          "id": "@outputs('Get_a_Shift_Updated')?['body/userId']"
                        },
                        "authentication": "@parameters('$authentication')"
                      }
                    },
                    "Get_CID_1": {
                      "actions": {
                        "Get_calendars_(V2)_1": {
                          "runAfter": {},
                          "metadata": {
                            "operationMetadataId": "cf79fb0e-a1e1-43e4-b120-6f33617091f3"
                          },
                          "type": "OpenApiConnection",
                          "inputs": {
                            "host": {
                              "connectionName": "shared_office365_2",
                              "operationId": "CalendarGetTables_V2",
                              "apiId": "/providers/Microsoft.PowerApps/apis/shared_office365"
                            },
                            "parameters": {},
                            "authentication": "@parameters('$authentication')"
                          }
                        },
                        "Filter_array_1": {
                          "runAfter": {
                            "Get_calendars_(V2)_1": [
                              "Succeeded"
                            ]
                          },
                          "metadata": {
                            "operationMetadataId": "b22b5227-57d7-4224-b173-f44bb59db93c"
                          },
                          "type": "Query",
                          "inputs": {
                            "from": "@outputs('Get_calendars_(V2)_1')?['body/value']",
                            "where": "@equals(item()?['name'],'Calendar')"
                          }
                        },
                        "CID_1": {
                          "runAfter": {
                            "Filter_array_1": [
                              "Succeeded"
                            ]
                          },
                          "metadata": {
                            "operationMetadataId": "c1bdbe02-94e6-49aa-b138-e3161bc1bd89"
                          },
                          "type": "Compose",
                          "inputs": "@first(body('Filter_array_1'))?['id']"
                        }
                      },
                      "runAfter": {
                        "Get_user_profile_(V2)_1": [
                          "Succeeded"
                        ]
                      },
                      "metadata": {
                        "operationMetadataId": "d2ade479-061a-4c4e-9752-61ab682d04b0"
                      },
                      "type": "Scope"
                    }
                  }
                },
                "Case_-_delete": {
                  "case": "deleted",
                  "actions": {
                    "Get_events_(V4)_deleted": {
                      "runAfter": {
                        "Get_CID_2": [
                          "Succeeded"
                        ]
                      },
                      "metadata": {
                        "operationMetadataId": "dc175852-76c5-438d-971d-8f61f9ee79af"
                      },
                      "type": "OpenApiConnection",
                      "inputs": {
                        "host": {
                          "connectionName": "shared_office365_2",
                          "operationId": "V4CalendarGetItems",
                          "apiId": "/providers/Microsoft.PowerApps/apis/shared_office365"
                        },
                        "parameters": {
                          "table": "@outputs('CID_2')"
                        },
                        "authentication": "@parameters('$authentication')"
                      }
                    },
                    "Filter_array_-_Get_Event_Deleted": {
                      "runAfter": {
                        "Get_events_(V4)_deleted": [
                          "Succeeded"
                        ]
                      },
                      "metadata": {
                        "operationMetadataId": "e7de6700-3a10-4cbf-b4aa-2ca822a9ee29"
                      },
                      "type": "Query",
                      "inputs": {
                        "from": "@outputs('Get_events_(V4)_deleted')?['body/value']",
                        "where": "@contains(item()?['body'],triggerOutputs()?['body/resourceData/id'])"
                      }
                    },
                    "Condition_-_Found_Deleted_event": {
                      "actions": {
                        "Delete_event_(V2)": {
                          "runAfter": {},
                          "metadata": {
                            "operationMetadataId": "1d86007a-642f-4352-bc18-349bb48e8d02"
                          },
                          "type": "OpenApiConnection",
                          "inputs": {
                            "host": {
                              "connectionName": "shared_office365_2",
                              "operationId": "CalendarDeleteItem_V2",
                              "apiId": "/providers/Microsoft.PowerApps/apis/shared_office365"
                            },
                            "parameters": {
                              "calendar": "@outputs('CID_2')",
                              "event": "@first(body('Filter_Array_-_Get_Event_deleted'))?['Id']"
                            },
                            "authentication": "@parameters('$authentication')"
                          }
                        }
                      },
                      "runAfter": {
                        "Filter_array_-_Get_Event_Deleted": [
                          "Succeeded"
                        ]
                      },
                      "expression": {
                        "and": [
                          {
                            "equals": [
                              "@length(body('Filter_array_-_Get_Event_Deleted'))",
                              ""
                            ]
                          }
                        ]
                      },
                      "metadata": {
                        "operationMetadataId": "435bac35-7bab-4958-8b08-667d154c4130"
                      },
                      "type": "If"
                    },
                    "Get_user_profile_(V2)_2": {
                      "runAfter": {
                        "Deleted_Shift_ID": [
                          "Succeeded"
                        ]
                      },
                      "metadata": {
                        "operationMetadataId": "9d4f2203-171e-4abb-88ef-9142298b79da"
                      },
                      "type": "OpenApiConnection",
                      "inputs": {
                        "host": {
                          "connectionName": "shared_office365users",
                          "operationId": "UserProfile_V2",
                          "apiId": "/providers/Microsoft.PowerApps/apis/shared_office365users"
                        },
                        "parameters": {
                          "id": "@outputs('Deleted_Shift_ID')?['body/userId']"
                        },
                        "authentication": "@parameters('$authentication')"
                      }
                    },
                    "Deleted_Shift_ID": {
                      "runAfter": {},
                      "metadata": {
                        "operationMetadataId": "2e23d5c2-6438-4bee-b395-cce5aae84d1b"
                      },
                      "type": "OpenApiConnection",
                      "inputs": {
                        "host": {
                          "connectionName": "shared_shifts_1",
                          "operationId": "GetShift",
                          "apiId": "/providers/Microsoft.PowerApps/apis/shared_shifts"
                        },
                        "parameters": {
                          "teamId": "6a5c9846-fbe2-4c79-8e28-733e01e11cb4",
                          "shiftId": "@triggerOutputs()?['body/resourceData/id']"
                        },
                        "authentication": "@parameters('$authentication')"
                      }
                    },
                    "Get_CID_2": {
                      "actions": {
                        "Get_calendars_(V2)_2": {
                          "runAfter": {},
                          "metadata": {
                            "operationMetadataId": "f31db477-4a42-4bc9-b83b-7189023336de"
                          },
                          "type": "OpenApiConnection",
                          "inputs": {
                            "host": {
                              "connectionName": "shared_office365_2",
                              "operationId": "CalendarGetTables_V2",
                              "apiId": "/providers/Microsoft.PowerApps/apis/shared_office365"
                            },
                            "parameters": {},
                            "authentication": "@parameters('$authentication')"
                          }
                        },
                        "Filter_array_2": {
                          "runAfter": {
                            "Get_calendars_(V2)_2": [
                              "Succeeded"
                            ]
                          },
                          "metadata": {
                            "operationMetadataId": "745811ef-ccf3-48b6-a12a-3373db4827d6"
                          },
                          "type": "Query",
                          "inputs": {
                            "from": "@outputs('Get_calendars_(V2)_2')?['body/value']",
                            "where": "@equals(item()?['name'],'Calendar')"
                          }
                        },
                        "CID_2": {
                          "runAfter": {
                            "Filter_array_2": [
                              "Succeeded"
                            ]
                          },
                          "metadata": {
                            "operationMetadataId": "c55ebc7f-474a-4589-98fa-42b943f33ff4"
                          },
                          "type": "Compose",
                          "inputs": "@first(body('Filter_array_2'))?['id']"
                        }
                      },
                      "runAfter": {
                        "Get_user_profile_(V2)_2": [
                          "Succeeded"
                        ]
                      },
                      "metadata": {
                        "operationMetadataId": "94d2f271-f452-48ca-b36d-fd7747e76f1b"
                      },
                      "type": "Scope"
                    }
                  }
                }
              },
              "default": {
                "actions": {}
              },
              "expression": "@triggerOutputs()?['body/changeType']",
              "metadata": {
                "operationMetadataId": "d142c319-52ce-4075-9bad-07085d1cbeff"
              },
              "type": "Switch"
            }
          },
          "runAfter": {},
          "metadata": {
            "operationMetadataId": "1625f129-d364-4729-9cf7-4e1d06f60b5d"
          },
          "type": "Scope"
        },
        "Catch": {
          "actions": {
            "Send_an_email_(V2)": {
              "runAfter": {
                "Compose": [
                  "Succeeded"
                ]
              },
              "metadata": {
                "operationMetadataId": "b559538b-4516-474a-b743-bc65eb99637a"
              },
              "type": "OpenApiConnection",
              "inputs": {
                "host": {
                  "connectionName": "shared_office365_2",
                  "operationId": "SendEmailV2",
                  "apiId": "/providers/Microsoft.PowerApps/apis/shared_office365"
                },
                "parameters": {
                  "emailMessage/To": "WAlldredge@five-starav.com",
                  "emailMessage/Subject": "Flow failed - @{workflow().tags.flowDisplayName}",
                  "emailMessage/Body": "<p class=\"editor-paragraph\">The following flow failed:</p><br><br><br><a href=\"https://make.powerautomate.com/environments/@{workflow().tags.environmentName}/flows/@{workflow().tags.xrmWorkflowId}/runs/@{workflow().run.name}\">Link to flow</a>",
                  "emailMessage/Importance": "High"
                },
                "authentication": "@parameters('$authentication')"
              }
            },
            "Compose": {
              "runAfter": {},
              "metadata": {
                "operationMetadataId": "ecb251ad-1841-449b-892d-84b52d4b59f9"
              },
              "type": "Compose",
              "inputs": "@workflow()"
            },
            "Terminate": {
              "runAfter": {
                "Send_an_email_(V2)": [
                  "Succeeded"
                ]
              },
              "metadata": {
                "operationMetadataId": "aca3b410-8d3d-4299-b6d2-a31bb57c7315"
              },
              "type": "Terminate",
              "inputs": {
                "runStatus": "Failed"
              }
            }
          },
          "runAfter": {
            "Try": [
              "Failed"
            ]
          },
          "metadata": {
            "operationMetadataId": "d1d193bb-327d-49dd-90a9-3203d36044a5"
          },
          "type": "Scope"
        }
      },
      "outputs": {}
    },
    "templateName": ""
  },
  "schemaVersion": "1.0.0.0"
}